Timestamp,What is your age?,Gender,Class,City/ Residencial status,Type of Family,What type of video games do you typically play?,Name the video game you usually play ,NAME THE VIDEO GAME YOU USUALLY PLAY ,How many hours do you play Video Games in  a day?,"How much time do you play ""violent"" video games specifically?",What changes on behaviour have you experienced in yourself after playing violent video games?,Some of my Friends think I am hothead,"If I have to resort to violence to protect my rights, I will","When people are especially nice to me, I wonder what they want",I tell my friends openly when I disagree with them,"Once I became so mad, I broke things",When people disagree with me I get into arguments,When I argue I use abusive language,I am a hot-tempered person,I am suspicious of strangers who are too friendly,I have threatened some people whom I know,I can get angry suddenly but get over it quickly,"If I am provoked enough, I will hit another person","When people annoy me, I openly tell them what I think of them",I may hit a person for no good reason,Sometimes I feel I am being treated unfairly,I have trouble controlling my temper,"When frustrated, I show my irritation",Sometimes I feel people are laughing behind my back,I often disagree with people,"If somebody hits me, I hit back",I sometimes feel like exploding for no good reason,I feel other people always take over the oppurtunity and I miss it,there are people who pushed me so far that we begin fighting,"I know that some so called ""friends"" talk about me behind my back",My friends say that I am a bit argumentative,Sometimes I lose temper for no good reason,I get into fights a little more than a normal person,sometimes I can not control the feeling to hit another person ,I sometimes get too much jealous from people,I dont know why sometimes I feel bitter about things,"Have you ever been involved in delinquent behaviour? like stealing, breaking things of others",Do you believe that playing violent video games can lead to aggressive behavior in real life?
7/11/2023 22:16,20,male,12th,Lahore,joint,action,Pubg,PUBG,more than 3 hour,more than 2 hour,Frustation,agree,Disagree,Neither agree nor disagree,Strongly disagree,Strongly disagree,Strongly agree,Disagree,Disagree,Disagree,Strongly disagree,Agree,Strongly disagree,Strongly agree,Strongly disagree,Disagree,Strongly disagree,Agree,Disagree,Disagree,Disagree,Neither agree nor disagree,Disagree,Agree,Agree,Agree,Strongly disagree,Disagree,Agree,,,no,yes
7/11/2023 23:01,18,male,11th,Lahore,joint,action,Pubg,PUBG,more than 3 hour,more than 2 hour,Agerresion .  voilent stunt,strongly disagree,Agree,Agree,Agree,Agree,Agree,Agree,Agree,Agree,Agree,Agree,Agree,Agree,Agree,Agree,Agree,Agree,Agree,Neither agree nor disagree,Strongly agree,Agree,Agree,Agree,Agree,Strongly agree,Agree,Agree,Agree,Neither agree nor disagree,Disagree,yes,yes
7/11/2023 23:11,16,male,11th,Lahore ,nuclear,action,PUBG ,PUBG ,more than 1 hour,more than 1 hour,aggressive ,disagree,Strongly disagree,Neither agree nor disagree,Agree,Neither agree nor disagree,Neither agree nor disagree,Agree,Agree,Neither agree nor disagree,Disagree,Neither agree nor disagree,Agree,Agree,Disagree,Agree,Disagree,Disagree,Neither agree nor disagree,Disagree,Disagree,Disagree,Neither agree nor disagree,Disagree,Neither agree nor disagree,Neither agree nor disagree,Neither agree nor disagree,Disagree,Strongly disagree,Strongly disagree,Disagree,yes,yes
7/11/2023 23:12,19,female,12th,Lahore,nuclear,word connect,word connect,WORD CONNECT,less than 1 hour,less than 1 hour,feel fresh,strongly disagree,Agree,Strongly agree,Agree,Strongly agree,Disagree,Strongly disagree,Disagree,Disagree,Disagree,Strongly agree,Disagree,Disagree,Disagree,Agree,Strongly agree,Disagree,Disagree,Agree,Strongly disagree,Agree,Disagree,Strongly disagree,Agree,Disagree,Disagree,Disagree,Disagree,Strongly disagree,Disagree,no,yes
7/11/2023 23:14,19,male,12th,Balochistan ,joint,action,Pubg,PUBG,more than 2 hour,more than 2 hour,Aggression ,agree,Strongly agree,Neither agree nor disagree,Disagree,Agree,Agree,Neither agree nor disagree,Neither agree nor disagree,Neither agree nor disagree,Agree,Neither agree nor disagree,Agree,Agree,Neither agree nor disagree,Neither agree nor disagree,Neither agree nor disagree,Neither agree nor disagree,Neither agree nor disagree,Agree,Agree,Agree,Agree,Agree,Agree,Neither agree nor disagree,Disagree,Disagree,Neither agree nor disagree,Neither agree nor disagree,Agree,yes,yes
7/11/2023 23:17,18,male,Bachelor ,Pakistan Lahore ,joint,action,PubG ,PUBG ,less than 1 hour,less than 1 hour,Always attentive ,disagree,Agree,Agree,Agree,Disagree,Agree,Disagree,Disagree,Disagree,Disagree,Agree,Disagree,Disagree,Disagree,Disagree,Agree,Disagree,Agree,Disagree,Agree,Agree,Agree,Disagree,Agree,Agree,Disagree,Agree,Disagree,Disagree,Disagree,no,yes
7/11/2023 23:22,17,male,10th,Kasur,nuclear,Racing,Need for Speed,NEED FOR SPEED,less than 1 hour,less than 1 hour,i think I forget other important things once start playing,disagree,Agree,Neither agree nor disagree,Disagree,Agree,Disagree,Disagree,Neither agree nor disagree,Agree,Agree,Agree,Strongly agree,Neither agree nor disagree,Strongly disagree,Neither agree nor disagree,Disagree,Neither agree nor disagree,Neither agree nor disagree,Agree,Disagree,Strongly disagree,Agree,Agree,Agree,Disagree,Disagree,Disagree,Neither agree nor disagree,Neither agree nor disagree,Agree,yes,yes
7/11/2023 23:22,17,male,12th,Lahore ,joint,sports,Cricket,CRICKET,less than 1 hour,less than 1 hour,No chnged,strongly disagree,Strongly disagree,Agree,Agree,Disagree,Disagree,Strongly disagree,Agree,Agree,Neither agree nor disagree,Agree,Neither agree nor disagree,Disagree,Strongly agree,Agree,Agree,Strongly disagree,Strongly disagree,Strongly disagree,Strongly disagree,Strongly disagree,Strongly disagree,Strongly disagree,Strongly disagree,Disagree,Strongly disagree,Strongly disagree,Strongly disagree,Strongly disagree,Strongly disagree,no,no
7/11/2023 23:31,19,male,Job,Alhumdullah,joint,action,Pubg,PUBG,more than 2 hour,less than 1 hour,No it's depends on your mind??????,strongly disagree,Agree,Agree,Agree,Disagree,Agree,Disagree,Disagree,Agree,Disagree,Strongly disagree,Strongly disagree,Neither agree nor disagree,Neither agree nor disagree,Strongly disagree,Strongly disagree,Disagree,Strongly disagree,Strongly disagree,Strongly disagree,Strongly disagree,Strongly disagree,Agree,Strongly disagree,Strongly disagree,Strongly disagree,Disagree,Disagree,Strongly disagree,Agree,no,no
7/11/2023 23:41,18,male,12th,Lahore ,extended,sports,Pubg,PUBG,more than 1 hour,less than 1 hour,"Aggression, anxiety ",disagree,Agree,Agree,Strongly agree,Strongly disagree,Agree,Strongly disagree,Disagree,Disagree,Neither agree nor disagree,Strongly disagree,Strongly disagree,Disagree,Strongly disagree,Strongly disagree,Strongly disagree,Strongly disagree,Disagree,Strongly disagree,Strongly disagree,Strongly disagree,Strongly disagree,Strongly disagree,Strongly disagree,Strongly disagree,Strongly disagree,Strongly disagree,Strongly disagree,Strongly disagree,Disagree,no,no
7/11/2023 23:44,20,male,Uni,House,nuclear,sports,GTA,GTA,more than 3 hour,more than 2 hour,"Mostly none , I feel good after a hard day",niether disagree nor agree,Strongly agree,Strongly agree,Agree,Disagree,Neither agree nor disagree,Agree,Neither agree nor disagree,Neither agree nor disagree,Agree,Strongly agree,Neither agree nor disagree,Neither agree nor disagree,Disagree,Strongly agree,Disagree,Neither agree nor disagree,Agree,Neither agree nor disagree,Agree,Neither agree nor disagree,Neither agree nor disagree,Neither agree nor disagree,Strongly agree,Agree,Neither agree nor disagree,Disagree,Disagree,Neither agree nor disagree,Neither agree nor disagree,yes,yes
7/12/2023 0:06,19,male,12th,Goood ,joint,sports,Football ,FOOTBALL ,less than 1 hour,less than 1 hour,football ,strongly agree,Neither agree nor disagree,Strongly disagree,Strongly agree,Agree,Neither agree nor disagree,Neither agree nor disagree,Strongly disagree,Agree,Agree,Agree,Disagree,Disagree,Neither agree nor disagree,Agree,Strongly agree,Agree,Neither agree nor disagree,Neither agree nor disagree,Disagree,Neither agree nor disagree,Disagree,Disagree,Disagree,Disagree,Disagree,Strongly disagree,Disagree,Strongly disagree,Neither agree nor disagree,yes,no
7/12/2023 0:44,17,male,11th,Larkana,joint,sports,No,NO,less than 1 hour,less than 1 hour,No,strongly disagree,Agree,Agree,Agree,Disagree,Disagree,Disagree,Disagree,Strongly agree,Agree,Agree,Disagree,Agree,Disagree,Disagree,Agree,Agree,Disagree,Disagree,Disagree,Disagree,Disagree,Disagree,Disagree,Neither agree nor disagree,Disagree,Disagree,Disagree,Agree,Disagree,no,no
7/12/2023 1:21,17,male,12th,Lahore ,nuclear,Free fire,Free fire,FREE FIRE,more than 1 hour,less than 1 hour,Nothing ,niether disagree nor agree,Agree,Neither agree nor disagree,Agree,Strongly disagree,Agree,Neither agree nor disagree,Agree,Agree,Disagree,Agree,Disagree,Agree,Disagree,Agree,Neither agree nor disagree,Neither agree nor disagree,Agree,Agree,Neither agree nor disagree,Agree,Neither agree nor disagree,Neither agree nor disagree,Agree,Agree,Agree,Strongly disagree,Strongly disagree,Strongly disagree,Disagree,no,no
7/12/2023 5:02,17,male,12th,Lahore Pakistan ,joint,sports,Score hero ,SCORE HERO ,less than 1 hour,less than 1 hour,Nothing much,strongly disagree,Agree,Strongly agree,Neither agree nor disagree,Strongly disagree,Neither agree nor disagree,Agree,Agree,Strongly agree,Disagree,Strongly agree,Neither agree nor disagree,Disagree,Agree,Agree,Agree,Agree,Strongly agree,Agree,Disagree,Strongly disagree,Agree,Disagree,Strongly agree,Neither agree nor disagree,Agree,Neither agree nor disagree,Neither agree nor disagree,Agree,Agree,no,yes
7/12/2023 9:28,18,female,11th,Own,nuclear,puzzle,Subway surfer's ,SUBWAY SURFER'S ,more than 3 hour,less than 1 hour,I feel anger,niether disagree nor agree,Agree,Neither agree nor disagree,Agree,Neither agree nor disagree,Agree,Disagree,Disagree,Agree,Strongly disagree,Neither agree nor disagree,Neither agree nor disagree,Neither agree nor disagree,Disagree,Agree,Neither agree nor disagree,Agree,Agree,Agree,Neither agree nor disagree,Disagree,Agree,Agree,Strongly agree,Strongly agree,Agree,Neither agree nor disagree,Agree,Agree,Agree,yes,yes
7/12/2023 10:41,19,male,12th,Pakpattan ,joint,puzzle,Bubble shooter,BUBBLE SHOOTER,more than 1 hour,less than 1 hour,Aggressive behavior ,strongly disagree,Agree,Neither agree nor disagree,Agree,Agree,Neither agree nor disagree,Disagree,Agree,Disagree,Strongly disagree,Strongly agree,Agree,Agree,Disagree,Strongly agree,Strongly agree,Strongly agree,Strongly agree,Agree,Strongly agree,Agree,Strongly agree,Strongly agree,Disagree,Strongly disagree,Strongly agree,Disagree,Agree,Agree,Strongly agree,no,yes
7/12/2023 11:22,17,male,11th,Lahore,joint,puzzle,Taken 3,TAKEN 3,more than 2 hour,less than 1 hour,Feeling superstitious ,disagree,Strongly disagree,Agree,Strongly disagree,Disagree,Neither agree nor disagree,Disagree,Disagree,Agree,Neither agree nor disagree,Agree,Disagree,Agree,Disagree,Agree,Disagree,Agree,Disagree,Disagree,Disagree,Disagree,Agree,Disagree,Disagree,Disagree,Neither agree nor disagree,Neither agree nor disagree,Disagree,Agree,Neither agree nor disagree,no,yes
7/12/2023 11:32,19,male,12th,Lahore,joint,action,Valorant,VALORANT,more than 3 hour,more than 3 hour,Cool Mind ,agree,Strongly disagree,Neither agree nor disagree,Agree,Strongly agree,Neither agree nor disagree,Strongly disagree,Neither agree nor disagree,Agree,Disagree,Neither agree nor disagree,Neither agree nor disagree,Agree,Strongly disagree,Neither agree nor disagree,Neither agree nor disagree,Disagree,Agree,Neither agree nor disagree,Strongly disagree,Neither agree nor disagree,Neither agree nor disagree,Disagree,Neither agree nor disagree,Neither agree nor disagree,Agree,Agree,Agree,Disagree,Neither agree nor disagree,no,yes
7/12/2023 11:44,17,male,11th,Family,joint,action,Pubg,PUBG,more than 5 hour,more than 5 hour,"Agression, hypertension, losing control on myself",agree,Agree,Agree,Disagree,Agree,Agree,Agree,Strongly agree,Agree,Strongly agree,Agree,Agree,Agree,Agree,Strongly agree,Strongly agree,Agree,Strongly agree,Agree,Agree,Agree,Agree,Agree,Agree,Agree,Agree,Agree,Agree,Agree,Agree,yes,yes
7/12/2023 11:50,19,male,12th,Allama Iqbal Town lahore ,joint,sports,Cricket ,CRICKET ,more than 2 hour,less than 1 hour,Aggressive ,niether disagree nor agree,Neither agree nor disagree,Agree,Agree,Disagree,Agree,Strongly disagree,Strongly disagree,Neither agree nor disagree,Disagree,Neither agree nor disagree,Strongly disagree,Agree,Strongly disagree,Disagree,Strongly disagree,Strongly disagree,Neither agree nor disagree,Neither agree nor disagree,Disagree,Neither agree nor disagree,Disagree,Disagree,Neither agree nor disagree,Strongly disagree,Disagree,Disagree,Disagree,Disagree,Disagree,no,yes
7/12/2023 13:09,20,male,Msc,Owner,joint,puzzle,Candy crush,CANDY CRUSH,less than 1 hour,less than 1 hour,No change ,niether disagree nor agree,Strongly agree,Strongly agree,Disagree,Strongly disagree,Strongly disagree,Disagree,Agree,Neither agree nor disagree,Strongly disagree,Agree,Strongly disagree,Strongly disagree,Strongly disagree,Agree,Disagree,Agree,Agree,Agree,Strongly agree,Disagree,Agree,Agree,Disagree,Agree,Disagree,Disagree,Disagree,Disagree,Agree,yes,no
7/12/2023 14:40,20,male,14,Chaman,joint,puzzle,Clash of clains,CLASH OF CLAINS,less than 1 hour,less than 1 hour,Mind relaxed and time pass,agree,Agree,Agree,Agree,Agree,Agree,Strongly agree,Agree,Agree,Disagree,Agree,Agree,Agree,Disagree,Agree,Neither agree nor disagree,Neither agree nor disagree,Neither agree nor disagree,Neither agree nor disagree,Neither agree nor disagree,Neither agree nor disagree,Disagree,Agree,Agree,Agree,Agree,Agree,Agree,Agree,Agree,no,no
7/12/2023 14:51,20,male,Bs ,Quetta ,joint,sports,Pubg,PUBG,more than 3 hour,less than 1 hour,I can't play ,disagree,Strongly disagree,Agree,Disagree,Disagree,Agree,Strongly disagree,Agree,Agree,Agree,Disagree,Disagree,Disagree,Strongly disagree,Strongly agree,Agree,Agree,Strongly agree,Agree,Disagree,Agree,Strongly agree,Strongly disagree,Strongly agree,Strongly agree,Agree,Agree,Strongly agree,Agree,Agree,no,yes
7/12/2023 14:56,19,male,11th,Lahore,nuclear,sports,Sports,SPORTS,less than 1 hour,less than 1 hour,Aggressive ,niether disagree nor agree,Agree,Neither agree nor disagree,Agree,Disagree,Neither agree nor disagree,Neither agree nor disagree,Neither agree nor disagree,Agree,Strongly agree,Agree,Neither agree nor disagree,Agree,Disagree,Agree,Neither agree nor disagree,Neither agree nor disagree,Disagree,Neither agree nor disagree,Agree,Neither agree nor disagree,Disagree,Disagree,Agree,Agree,Neither agree nor disagree,Neither agree nor disagree,Disagree,Disagree,Agree,no,yes
7/12/2023 14:57,19,female,12th,Balochistan,joint,action,Pubg,PUBG,more than 1 hour,more than 1 hour,Little aggression,agree,Agree,Agree,Agree,Agree,Agree,Neither agree nor disagree,Neither agree nor disagree,Agree,Agree,Neither agree nor disagree,Strongly agree,Neither agree nor disagree,Strongly disagree,Neither agree nor disagree,Agree,Neither agree nor disagree,Neither agree nor disagree,Agree,Agree,Agree,Neither agree nor disagree,Agree,Neither agree nor disagree,Neither agree nor disagree,Disagree,Disagree,Agree,Neither agree nor disagree,Neither agree nor disagree,yes,yes
7/12/2023 15:02,19,male,12th,Lahore DHA ,joint,sports,Cricket ,CRICKET ,more than 1 hour,less than 1 hour,Headache ,disagree,Disagree,Neither agree nor disagree,Agree,Agree,Disagree,Disagree,Disagree,Agree,Disagree,Disagree,Disagree,Agree,Disagree,Agree,Disagree,Agree,Agree,Disagree,Disagree,Disagree,Agree,Disagree,Agree,Agree,Disagree,Disagree,Disagree,Disagree,Disagree,no,yes
7/12/2023 15:02,23,male,MA History ,Punjab university Hostel,nuclear,sports,Cricket ,CRICKET ,less than 1 hour,less than 1 hour,Encourage ,strongly disagree,Neither agree nor disagree,Agree,Agree,Strongly agree,Agree,Disagree,Strongly disagree,Agree,Agree,Agree,Neither agree nor disagree,Agree,Disagree,Agree,Disagree,Strongly disagree,Agree,Agree,Disagree,Agree,Disagree,Disagree,Agree,Disagree,Strongly disagree,Disagree,Neither agree nor disagree,Disagree,Strongly disagree,no,yes
7/12/2023 15:02,20,male,BS,Lahire DHA,nuclear,puzzle,Sega,SEGA,more than 1 hour,more than 2 hour,I feel confident,strongly disagree,Disagree,Disagree,Disagree,Disagree,Disagree,Disagree,Disagree,Disagree,Disagree,Disagree,Disagree,Disagree,Disagree,Disagree,Disagree,Neither agree nor disagree,Neither agree nor disagree,Neither agree nor disagree,Neither agree nor disagree,Neither agree nor disagree,Neither agree nor disagree,Disagree,Disagree,Disagree,Disagree,Disagree,Disagree,Disagree,Disagree,no,yes
7/12/2023 15:04,18,male,12th,Lahore,joint,fighting,PUBG,PUBG,more than 2 hour,less than 1 hour,I feel aggressive,niether disagree nor agree,Neither agree nor disagree,Agree,Agree,Disagree,Agree,Strongly disagree,Strongly disagree,Agree,Disagree,Agree,Disagree,Agree,Disagree,Disagree,Disagree,Disagree,Agree,Strongly disagree,Strongly disagree,Strongly disagree,Agree,Agree,Agree,Agree,Agree,Neither agree nor disagree,Neither agree nor disagree,Strongly disagree,Neither agree nor disagree,yes,yes
7/12/2023 15:23,19,male,12th,zhob,joint,action,gta vice city,GTA VICE CITY,more than 1 hour,more than 1 hour,nothigs,niether disagree nor agree,Disagree,Disagree,Agree,Neither agree nor disagree,Disagree,Disagree,Disagree,Strongly disagree,Strongly disagree,Agree,Disagree,Neither agree nor disagree,Strongly disagree,Agree,Strongly disagree,Agree,Agree,Disagree,Neither agree nor disagree,Strongly disagree,Agree,Strongly agree,Disagree,Neither agree nor disagree,Agree,Strongly disagree,Strongly disagree,Disagree,Disagree,no,no
7/12/2023 15:33,19,male,12th,Lahore ,joint,fighting,Taken 5,TAKEN 5,more than 2 hour,more than 2 hour,Aggression,niether disagree nor agree,Agree,Disagree,Agree,Disagree,Disagree,Disagree,Disagree,Disagree,Disagree,Disagree,Disagree,Disagree,Disagree,Disagree,Disagree,Disagree,Disagree,Disagree,Disagree,Disagree,Disagree,Disagree,Disagree,Disagree,Disagree,Disagree,Agree,Disagree,Disagree,no,yes
7/12/2023 15:42,19,male,12th,Lahore,joint,fighting,Clash of clans,CLASH OF CLANS,more than 1 hour,less than 1 hour,Nill,niether disagree nor agree,Agree,Agree,Agree,Neither agree nor disagree,Neither agree nor disagree,Strongly disagree,Disagree,Disagree,Neither agree nor disagree,Disagree,Agree,Disagree,Disagree,Disagree,Disagree,Agree,Agree,Disagree,Neither agree nor disagree,Neither agree nor disagree,Neither agree nor disagree,Neither agree nor disagree,Disagree,Neither agree nor disagree,Neither agree nor disagree,Agree,Agree,Strongly agree,Agree,no,yes
7/12/2023 15:42,28,female,AM,Student,joint,action,Pubg,PUBG,more than 1 hour,more than 1 hour,"Relax
",niether disagree nor agree,Disagree,Agree,Agree,Strongly disagree,Strongly disagree,Strongly disagree,Neither agree nor disagree,Disagree,Neither agree nor disagree,Agree,Disagree,Agree,Disagree,Strongly agree,Agree,Neither agree nor disagree,Agree,Neither agree nor disagree,Disagree,Neither agree nor disagree,Agree,Neither agree nor disagree,Neither agree nor disagree,Agree,Disagree,Disagree,Neither agree nor disagree,Disagree,Agree,yes,yes
7/12/2023 15:47,19,male,12th,Zhob,joint,sports,Football game,FOOTBALL GAME,less than 1 hour,less than 1 hour,Some experience,agree,Agree,Neither agree nor disagree,Strongly agree,Disagree,Agree,Disagree,Disagree,Agree,Disagree,Disagree,Disagree,Agree,Disagree,Agree,Agree,Agree,Disagree,Strongly disagree,Disagree,Disagree,Agree,Disagree,Agree,Agree,Disagree,Disagree,Disagree,Strongly disagree,Agree,no,yes
7/12/2023 15:50,19,female,B.com,Nankana sahib ,joint,puzzle,Puzzle,PUZZLE,less than 1 hour,less than 1 hour,Roud,strongly disagree,Strongly disagree,Disagree,Strongly agree,Disagree,Disagree,Neither agree nor disagree,Strongly agree,Strongly agree,Neither agree nor disagree,Agree,Agree,Agree,Agree,Agree,Disagree,Neither agree nor disagree,Strongly disagree,Disagree,Neither agree nor disagree,Agree,Agree,Disagree,Disagree,Neither agree nor disagree,Neither agree nor disagree,Neither agree nor disagree,Agree,Neither agree nor disagree,Agree,no,yes
7/12/2023 16:11,17,female,Ets,Lahore,joint,roleplay,Mine craft,MINE CRAFT,less than 1 hour,less than 1 hour,No,disagree,Agree,Agree,Neither agree nor disagree,Disagree,Neither agree nor disagree,Disagree,Neither agree nor disagree,Agree,Disagree,Disagree,Disagree,Agree,Disagree,Agree,Disagree,Agree,Neither agree nor disagree,Agree,Agree,Agree,Agree,Disagree,Agree,Disagree,Disagree,Disagree,Disagree,Disagree,Agree,no,no
7/12/2023 16:23,18,female,12th,Nankana sahib,extended,puzzle,Candy manner home design ,CANDY MANNER HOME DESIGN ,less than 1 hour,less than 1 hour,Don't play violent games,niether disagree nor agree,Disagree,Neither agree nor disagree,Agree,Disagree,Agree,Strongly disagree,Disagree,Neither agree nor disagree,Disagree,Agree,Disagree,Neither agree nor disagree,Strongly disagree,Neither agree nor disagree,Disagree,Neither agree nor disagree,Disagree,Agree,Disagree,Disagree,Agree,Disagree,Disagree,Neither agree nor disagree,Disagree,Disagree,Disagree,Neither agree nor disagree,Agree,no,yes
7/12/2023 16:39,18,female,12th,Lahore ,joint,sports,Subway surfer's ,SUBWAY SURFER'S ,less than 1 hour,less than 1 hour,Feeling relaxed ,agree,Disagree,Agree,Agree,Agree,Disagree,Neither agree nor disagree,Agree,Agree,Disagree,Agree,Agree,Agree,Disagree,Strongly agree,Agree,Agree,Agree,Neither agree nor disagree,Agree,Agree,Disagree,Disagree,Agree,Disagree,Agree,Disagree,Agree,Agree,Agree,no,yes
7/12/2023 16:50,19,male,12th,Zhob,nuclear,sports,Football,FOOTBALL,more than 1 hour,less than 1 hour,Excited,agree,Disagree,Strongly agree,Agree,Neither agree nor disagree,Agree,Agree,Agree,Strongly disagree,Neither agree nor disagree,Agree,Disagree,Strongly disagree,Disagree,Agree,Agree,Strongly agree,Agree,Agree,Agree,Neither agree nor disagree,Agree,Agree,Strongly agree,Strongly agree,Agree,Agree,Neither agree nor disagree,Agree,Agree,no,yes
7/12/2023 16:55,18,female,12th,Lahore,joint,action,Mind games,MIND GAMES,more than 1 hour,less than 1 hour,Anger increase,niether disagree nor agree,Agree,Agree,Disagree,Disagree,Agree,Disagree,Agree,Agree,Disagree,Agree,Disagree,Agree,Disagree,Agree,Agree,Disagree,Agree,Strongly agree,Disagree,Agree,Disagree,Disagree,Strongly agree,Agree,Agree,Neither agree nor disagree,Disagree,Disagree,Disagree,no,yes
7/12/2023 17:04,24,male,12th,Lahore,joint,sports,Mission imposible ,MISSION IMPOSIBLE ,more than 2 hour,more than 1 hour,Very good,disagree,Strongly disagree,Agree,Strongly agree,Strongly disagree,Neither agree nor disagree,Strongly disagree,Strongly disagree,Neither agree nor disagree,Neither agree nor disagree,Neither agree nor disagree,Disagree,Disagree,Neither agree nor disagree,Disagree,Disagree,Disagree,Disagree,Agree,Strongly agree,Disagree,Neither agree nor disagree,Strongly agree,Disagree,Disagree,Neither agree nor disagree,Neither agree nor disagree,Agree,Agree,Strongly agree,yes,yes
7/12/2023 17:42,20,male,12th,Killa Siaf Ullah ,joint,fighting,Sabway surpar,SABWAY SURPAR,more than 5 hour,more than 2 hour,Na thing,disagree,Neither agree nor disagree,Disagree,Strongly agree,Disagree,Strongly disagree,Agree,Agree,Disagree,Strongly agree,Agree,Disagree,Disagree,Neither agree nor disagree,Neither agree nor disagree,Strongly disagree,Strongly agree,Disagree,Neither agree nor disagree,Disagree,Agree,Strongly agree,Disagree,Neither agree nor disagree,Strongly disagree,Agree,Agree,Strongly agree,Strongly disagree,Neither agree nor disagree,no,yes
7/12/2023 18:00,19,male,12th,Lahore,joint,first person shooter,Counter Strike ,COUNTER STRIKE ,more than 3 hour,more than 2 hour,Liking arms and ammunitions,niether disagree nor agree,Disagree,Agree,Agree,Disagree,Agree,Strongly agree,Agree,Agree,Disagree,Agree,Neither agree nor disagree,Neither agree nor disagree,Disagree,Agree,Neither agree nor disagree,Agree,Disagree,Agree,Agree,Agree,Disagree,Disagree,Disagree,Agree,Disagree,Disagree,Disagree,Disagree,Agree,no,no
7/12/2023 18:08,18,male,10th,Zhob,joint,sports,Football ,FOOTBALL ,less than 1 hour,less than 1 hour,Good ,agree,Strongly disagree,Agree,Strongly agree,Strongly agree,Agree,Agree,Strongly disagree,Strongly agree,Strongly disagree,Neither agree nor disagree,Neither agree nor disagree,Strongly agree,Neither agree nor disagree,Disagree,Strongly agree,Agree,Agree,Strongly disagree,Strongly agree,Strongly agree,Agree,Strongly disagree,Strongly agree,Disagree,Strongly disagree,Neither agree nor disagree,Strongly disagree,Strongly agree,Disagree,yes,no
7/12/2023 19:33,20,male,12th,115 sector E talha block bahria town lahore,nuclear,action,Gta 5,GTA 5,more than 5 hour,more than 5 hour,"Nothing 
",strongly agree,Strongly agree,Strongly agree,Strongly agree,Strongly disagree,Neither agree nor disagree,Strongly disagree,Neither agree nor disagree,Strongly disagree,Strongly disagree,Strongly disagree,Strongly disagree,Strongly agree,Strongly agree,Strongly disagree,Neither agree nor disagree,Neither agree nor disagree,Strongly disagree,Strongly disagree,Strongly disagree,Disagree,Disagree,Disagree,Strongly disagree,Strongly disagree,Strongly disagree,Strongly disagree,Strongly disagree,Strongly disagree,Disagree,yes,no
7/12/2023 19:46,20,male,13,Lahore,extended,fighting,Fighring,FIGHRING,less than 1 hour,less than 1 hour,Time,agree,Strongly agree,Agree,Agree,Agree,Agree,Agree,Agree,Agree,Agree,Agree,Agree,Agree,Agree,Agree,Agree,Agree,Agree,Agree,Agree,Agree,Agree,Agree,Agree,Agree,Agree,Agree,Agree,Agree,Agree,yes,yes
7/12/2023 19:46,20,male,Bachelors level,Lahore,joint,sports,Cricket,CRICKET,less than 1 hour,less than 1 hour,I don't experience any change ,agree,Neither agree nor disagree,Neither agree nor disagree,Agree,Disagree,Agree,Disagree,Disagree,Agree,Strongly disagree,Strongly agree,Disagree,Disagree,Strongly disagree,Disagree,Disagree,Strongly agree,Agree,Neither agree nor disagree,Agree,Agree,Neither agree nor disagree,Neither agree nor disagree,Agree,Agree,Disagree,Agree,Agree,Neither agree nor disagree,Agree,no,yes
7/12/2023 19:59,20,female,Bscs ,Lahore ,joint,first person shooter,PUBG & ludo star ,PUBG & LUDO STAR ,more than 1 hour,more than 1 hour,Nothing much ??,disagree,Disagree,Strongly disagree,Agree,Strongly disagree,Strongly disagree,Strongly disagree,Neither agree nor disagree,Neither agree nor disagree,Strongly disagree,Agree,Disagree,Agree,Strongly disagree,Agree,Neither agree nor disagree,Disagree,Disagree,Agree,Agree,Strongly disagree,Disagree,Disagree,Agree,Disagree,Strongly disagree,Strongly disagree,Strongly disagree,Strongly disagree,Strongly disagree,no,no
7/12/2023 20:02,18,male,Bscs 1st semester ,Lahore ,joint,sports,Car parking ,CAR PARKING ,more than 1 hour,more than 1 hour,Car parking ,agree,Disagree,Disagree,Disagree,Disagree,Neither agree nor disagree,Neither agree nor disagree,Neither agree nor disagree,Neither agree nor disagree,Neither agree nor disagree,Neither agree nor disagree,Neither agree nor disagree,Neither agree nor disagree,Neither agree nor disagree,Neither agree nor disagree,Neither agree nor disagree,Neither agree nor disagree,Neither agree nor disagree,Neither agree nor disagree,Neither agree nor disagree,Neither agree nor disagree,Neither agree nor disagree,Neither agree nor disagree,Neither agree nor disagree,Neither agree nor disagree,Neither agree nor disagree,Neither agree nor disagree,Neither agree nor disagree,Neither agree nor disagree,Neither agree nor disagree,no,no
7/12/2023 20:05,22,female,16th standard,Lahore ,nuclear,puzzle,Candy crush ,CANDY CRUSH ,less than 1 hour,more than 2 hour,Sometimes I feel tired,niether disagree nor agree,Strongly agree,Strongly agree,Agree,Disagree,Strongly agree,Strongly disagree,Neither agree nor disagree,Strongly agree,Strongly disagree,Neither agree nor disagree,Strongly disagree,Disagree,Strongly disagree,Agree,Neither agree nor disagree,Agree,Agree,Agree,Disagree,Neither agree nor disagree,Neither agree nor disagree,Neither agree nor disagree,Neither agree nor disagree,Neither agree nor disagree,Neither agree nor disagree,Neither agree nor disagree,Neither agree nor disagree,Neither agree nor disagree,Neither agree nor disagree,no,yes
7/12/2023 20:20,22,female,Graduation ,Lahore,nuclear,fighting,PUBG,PUBG,more than 1 hour,more than 1 hour,I rudely behave with others,disagree,Strongly agree,Strongly agree,Agree,Disagree,Neither agree nor disagree,Strongly disagree,Strongly disagree,Neither agree nor disagree,Strongly disagree,Neither agree nor disagree,Strongly disagree,Agree,Strongly disagree,Neither agree nor disagree,Strongly disagree,Neither agree nor disagree,Strongly disagree,Neither agree nor disagree,Disagree,Strongly disagree,Agree,Strongly disagree,Strongly disagree,Strongly disagree,Disagree,Strongly disagree,Strongly agree,Strongly disagree,Disagree,no,yes
7/12/2023 20:44,26,male,Bachelor ,Lahore ,joint,fighting,Taken,TAKEN,less than 1 hour,less than 1 hour,Nothing ,niether disagree nor agree,Disagree,Strongly disagree,Agree,Disagree,Agree,Strongly disagree,Disagree,Neither agree nor disagree,Disagree,Disagree,Disagree,Disagree,Disagree,Disagree,Disagree,Disagree,Disagree,Disagree,Agree,Disagree,Agree,Disagree,Disagree,Disagree,Disagree,Disagree,Disagree,Disagree,Neither agree nor disagree,no,no
7/12/2023 20:52,20,female,BBA 4th sem,Lahore,nuclear,first person shooter,pubg,PUBG,more than 5 hour,more than 1 hour,Nothing. ,disagree,Agree,Strongly agree,Agree,Disagree,Neither agree nor disagree,Strongly disagree,Neither agree nor disagree,Strongly agree,Neither agree nor disagree,Agree,Strongly disagree,Neither agree nor disagree,Strongly disagree,Agree,Disagree,Neither agree nor disagree,Disagree,Neither agree nor disagree,Neither agree nor disagree,Strongly disagree,Disagree,Disagree,Agree,Neither agree nor disagree,Disagree,Strongly disagree,Strongly disagree,Strongly disagree,Neither agree nor disagree,no,no
7/12/2023 20:54,21,female,BBA 7th smester,Lahote,joint,puzzle,Candy cruch,CANDY CRUCH,less than 1 hour,less than 1 hour,I do not play violent game ,disagree,Neither agree nor disagree,Disagree,Neither agree nor disagree,Strongly disagree,Agree,Neither agree nor disagree,Neither agree nor disagree,Agree,Disagree,Agree,Disagree,Disagree,Disagree,Agree,Agree,Agree,Agree,Agree,Disagree,Agree,Strongly agree,Agree,Agree,Disagree,Neither agree nor disagree,Agree,Agree,Disagree,Agree,no,yes
7/12/2023 21:01,24,female,BBA,Lahore,joint,puzzle,8 ball ,8 BALL ,less than 1 hour,less than 1 hour,Time waste,strongly disagree,Strongly disagree,Agree,Neither agree nor disagree,Strongly disagree,Disagree,Disagree,Strongly agree,Agree,Strongly disagree,Agree,Disagree,Disagree,Disagree,Agree,Agree,Disagree,Agree,Agree,Agree,Disagree,Disagree,Disagree,Agree,Disagree,Disagree,Disagree,Disagree,Agree,Disagree,no,yes
7/12/2023 21:35,19,male,Bscs 1 semester,Lahore,joint,sports,Cricket 2007,CRICKET 2007,less than 1 hour,less than 1 hour,"I got mad 
",disagree,Agree,Agree,Agree,Disagree,Disagree,Disagree,Neither agree nor disagree,Neither agree nor disagree,Disagree,Agree,Neither agree nor disagree,Disagree,Disagree,Neither agree nor disagree,Agree,Agree,Agree,Disagree,Disagree,Disagree,Agree,Disagree,Agree,Strongly disagree,Neither agree nor disagree,Disagree,Neither agree nor disagree,Disagree,Agree,no,yes
7/12/2023 21:35,32,male,Post Graduation ,Faisalabad ,joint,puzzle,Connection ,CONNECTION ,less than 1 hour,less than 1 hour,Anxiety & stress,agree,Agree,Agree,Agree,Agree,Disagree,Neither agree nor disagree,Agree,Neither agree nor disagree,Disagree,Agree,Agree,Neither agree nor disagree,Disagree,Neither agree nor disagree,Neither agree nor disagree,Agree,Disagree,Disagree,Neither agree nor disagree,Neither agree nor disagree,Disagree,Disagree,Disagree,Disagree,Neither agree nor disagree,Disagree,Disagree,Disagree,Disagree,yes,yes
7/12/2023 21:56,17,male,11th,Lahore ,joint,sports,Fifa,FIFA,less than 1 hour,less than 1 hour,Nothing ,strongly disagree,Strongly disagree,Strongly disagree,Agree,Disagree,Disagree,Strongly disagree,Strongly disagree,Strongly disagree,Strongly disagree,Strongly disagree,Strongly disagree,Strongly disagree,Strongly disagree,Strongly disagree,Strongly disagree,Strongly disagree,Strongly disagree,Strongly disagree,Strongly disagree,Strongly disagree,Strongly disagree,Strongly disagree,Strongly disagree,Strongly disagree,Strongly disagree,Strongly disagree,Strongly disagree,Strongly disagree,Strongly disagree,no,yes
7/12/2023 22:21,19,female,12th,Lahore,joint,puzzle,PUBG,PUBG,less than 1 hour,less than 1 hour,i don't play,niether disagree nor agree,Disagree,Neither agree nor disagree,Strongly agree,Strongly disagree,Disagree,Strongly disagree,Disagree,Neither agree nor disagree,Strongly disagree,Disagree,Strongly disagree,Strongly disagree,Strongly disagree,Neither agree nor disagree,Strongly disagree,Agree,Disagree,Neither agree nor disagree,Disagree,Strongly disagree,Disagree,Disagree,Agree,Agree,Strongly disagree,Strongly disagree,Disagree,Strongly disagree,Strongly disagree,no,no
7/12/2023 23:08,20,male,12th,Zhob ,joint,sports,GTA 5,GTA 5,more than 1 hour,less than 1 hour,Horrible dreams ,strongly agree,Neither agree nor disagree,Agree,Strongly agree,Neither agree nor disagree,Agree,Strongly disagree,Agree,Neither agree nor disagree,Strongly disagree,Strongly agree,Neither agree nor disagree,Agree,Strongly disagree,Strongly agree,Strongly agree,Neither agree nor disagree,Agree,Neither agree nor disagree,Strongly disagree,Strongly disagree,Neither agree nor disagree,Neither agree nor disagree,Neither agree nor disagree,Agree,Strongly disagree,Strongly disagree,Strongly disagree,Strongly disagree,Strongly disagree,no,yes
7/12/2023 23:08,20,female,12th,Quetta,nuclear,sports,8 ball pool,8 BALL POOL,less than 1 hour,less than 1 hour,Didn't change any type of behavior ,niether disagree nor agree,Neither agree nor disagree,Neither agree nor disagree,Strongly agree,Disagree,Neither agree nor disagree,Strongly disagree,Disagree,Disagree,Strongly disagree,Neither agree nor disagree,Strongly disagree,Neither agree nor disagree,Strongly disagree,Neither agree nor disagree,Strongly disagree,Neither agree nor disagree,Neither agree nor disagree,Neither agree nor disagree,Strongly disagree,Neither agree nor disagree,Neither agree nor disagree,Neither agree nor disagree,Neither agree nor disagree,Neither agree nor disagree,Strongly disagree,Disagree,Strongly disagree,Neither agree nor disagree,Neither agree nor disagree,no,yes
7/12/2023 23:52,18,female,12th,Lahore,nuclear,action,Temple run ,TEMPLE RUN ,less than 1 hour,less than 1 hour,I can't play this game ,strongly disagree,Strongly agree,Agree,Agree,Disagree,Strongly agree,Disagree,Disagree,Neither agree nor disagree,Agree,Strongly agree,Disagree,Disagree,Strongly disagree,Strongly disagree,Disagree,Neither agree nor disagree,Neither agree nor disagree,Strongly disagree,Strongly disagree,Agree,Neither agree nor disagree,Disagree,Neither agree nor disagree,Disagree,Agree,Strongly disagree,Disagree,Strongly disagree,Agree,no,yes
7/13/2023 0:28,16,male,10th,Zhob balochistan,joint,sports,Vice city,VICE CITY,more than 2 hour,more than 2 hour,Vision problem,niether disagree nor agree,Strongly disagree,Disagree,Strongly disagree,Disagree,Strongly disagree,Strongly disagree,Agree,Agree,Neither agree nor disagree,Agree,Strongly agree,Agree,Agree,Agree,Neither agree nor disagree,Disagree,Neither agree nor disagree,Agree,Agree,Neither agree nor disagree,Agree,Agree,Agree,Strongly agree,Neither agree nor disagree,Neither agree nor disagree,Neither agree nor disagree,Agree,Agree,no,yes
7/13/2023 7:08,20,male,Bscs,Lahore ,joint,sports,World cricket chempionship,WORLD CRICKET CHEMPIONSHIP,less than 1 hour,less than 1 hour,Nothing ,strongly disagree,Strongly disagree,Agree,Agree,Strongly disagree,Neither agree nor disagree,Strongly disagree,Strongly disagree,Agree,Strongly disagree,Agree,Strongly disagree,Neither agree nor disagree,Strongly disagree,Strongly disagree,Neither agree nor disagree,Strongly disagree,Neither agree nor disagree,Neither agree nor disagree,Neither agree nor disagree,Disagree,Disagree,Strongly disagree,Neither agree nor disagree,Strongly disagree,Strongly disagree,Strongly disagree,Strongly disagree,Strongly disagree,Disagree,no,no
7/13/2023 8:47,18,female,12th,Lahore,joint,Cooking,Cooking games,COOKING GAMES,less than 1 hour,less than 1 hour,Normal,strongly disagree,Neither agree nor disagree,Agree,Strongly agree,Strongly disagree,Neither agree nor disagree,Neither agree nor disagree,Neither agree nor disagree,Strongly agree,Neither agree nor disagree,Agree,Strongly disagree,Agree,Disagree,Agree,Disagree,Neither agree nor disagree,Strongly agree,Agree,Strongly disagree,Disagree,Agree,Neither agree nor disagree,Disagree,Disagree,Disagree,Disagree,Neither agree nor disagree,Neither agree nor disagree,Agree,no,yes
7/13/2023 9:14,20,male,Dvm,Muzaffargarh ,joint,puzzle,Gtavoice city,GTAVOICE CITY,less than 1 hour,less than 1 hour,Nothing,agree,Disagree,Strongly disagree,Agree,Agree,Agree,Agree,Neither agree nor disagree,Neither agree nor disagree,Neither agree nor disagree,Strongly disagree,Disagree,Strongly disagree,Strongly disagree,Strongly disagree,Disagree,Disagree,Disagree,Agree,Agree,Agree,Agree,Agree,Agree,Agree,Agree,Neither agree nor disagree,Neither agree nor disagree,Neither agree nor disagree,Neither agree nor disagree,yes,yes
7/13/2023 10:56,18,male,11th,ZHOB,joint,sports,8 ball pool,8 BALL POOL,more than 1 hour,more than 1 hour,Intelligence stability ,niether disagree nor agree,Neither agree nor disagree,Neither agree nor disagree,Agree,Disagree,Agree,Disagree,Disagree,Neither agree nor disagree,Disagree,Disagree,Disagree,Disagree,Disagree,Disagree,Agree,Neither agree nor disagree,Agree,Neither agree nor disagree,Disagree,Disagree,Agree,Disagree,Disagree,Disagree,Disagree,Disagree,Disagree,Disagree,Agree,no,yes
7/13/2023 12:03,17,male,11th,Lahore,joint,action,PUBG,PUBG,more than 3 hour,more than 3 hour,Angry ??,agree,Neither agree nor disagree,Agree,Neither agree nor disagree,Agree,Agree,Agree,Agree,Neither agree nor disagree,Disagree,Agree,Neither agree nor disagree,Agree,Disagree,Agree,Agree,Neither agree nor disagree,Neither agree nor disagree,Agree,Neither agree nor disagree,Neither agree nor disagree,Agree,Neither agree nor disagree,Agree,Agree,Neither agree nor disagree,Disagree,Disagree,Disagree,Neither agree nor disagree,no,yes
7/13/2023 12:08,18,male,10th,Lahore,joint,fighting,Pubg ,PUBG ,more than 3 hour,more than 2 hour,Mostly i become grump,agree,Neither agree nor disagree,Agree,Agree,Agree,Disagree,Disagree,Agree,Agree,Disagree,Agree,Disagree,Agree,Disagree,Agree,Agree,Neither agree nor disagree,Agree,Disagree,Agree,Disagree,Agree,Neither agree nor disagree,Neither agree nor disagree,Agree,Agree,Neither agree nor disagree,Disagree,Disagree,Neither agree nor disagree,no,yes
7/13/2023 12:13,19,male,12th,Quetta,nuclear,fighting,PUBG,PUBG,more than 2 hour,more than 2 hour,fighting behaviour,niether disagree nor agree,Agree,Disagree,Agree,Strongly disagree,Agree,Strongly disagree,Neither agree nor disagree,Agree,Disagree,Agree,Strongly disagree,Disagree,Strongly disagree,Agree,Disagree,Agree,Disagree,Neither agree nor disagree,Agree,Disagree,Agree,Strongly disagree,Agree,Disagree,Agree,Disagree,Strongly disagree,Strongly disagree,Agree,no,yes
7/13/2023 12:17,17,male,11th,Lahore ,joint,fighting,PUBG,PUBG,more than 2 hour,more than 2 hour,I feel like I?m in battle field,agree,Neither agree nor disagree,Agree,Agree,Disagree,Agree,Neither agree nor disagree,Neither agree nor disagree,Neither agree nor disagree,Disagree,Neither agree nor disagree,Disagree,Agree,Disagree,Agree,Agree,Agree,Neither agree nor disagree,Agree,Agree,Agree,Agree,Neither agree nor disagree,Agree,Neither agree nor disagree,Neither agree nor disagree,Neither agree nor disagree,Disagree,Agree,Neither agree nor disagree,yes,yes
7/13/2023 12:21,18,male,12th,Lahore,joint,fighting,Pubg,PUBG,more than 1 hour,more than 1 hour,I feel myself aggresive,agree,Strongly agree,Neither agree nor disagree,Strongly agree,Agree,Strongly agree,Disagree,Disagree,Disagree,Agree,Agree,Strongly agree,Strongly agree,Neither agree nor disagree,Neither agree nor disagree,Agree,Agree,Agree,Agree,Agree,Strongly agree,Strongly agree,Neither agree nor disagree,Strongly agree,Agree,Neither agree nor disagree,Strongly agree,Agree,Agree,Agree,yes,no
7/13/2023 12:28,17,male,11th,Lahore ,nuclear,action,PUBG,PUBG,more than 1 hour,more than 1 hour,Ok,strongly disagree,Neither agree nor disagree,Agree,Agree,Strongly disagree,Disagree,Strongly disagree,Disagree,Strongly agree,Strongly disagree,Agree,Strongly disagree,Agree,Strongly disagree,Disagree,Disagree,Disagree,Neither agree nor disagree,Disagree,Neither agree nor disagree,Neither agree nor disagree,Disagree,Neither agree nor disagree,Strongly disagree,Agree,Disagree,Strongly disagree,Strongly disagree,Strongly disagree,Agree,no,no
7/13/2023 12:29,20,male,11th,Lahore ,nuclear,sports,Ea sports cricket ,EA SPORTS CRICKET ,more than 1 hour,less than 1 hour,It's waste a lot of time ,disagree,Strongly disagree,Agree,Agree,Strongly disagree,Strongly disagree,Strongly disagree,Strongly disagree,Disagree,Strongly disagree,Strongly disagree,Strongly disagree,Neither agree nor disagree,Strongly disagree,Disagree,Disagree,Disagree,Disagree,Disagree,Disagree,Disagree,Strongly disagree,Disagree,Disagree,Agree,Neither agree nor disagree,Neither agree nor disagree,Strongly disagree,Neither agree nor disagree,Strongly disagree,no,no
7/13/2023 12:40,20,male,12th,Lahore,nuclear,action,Arknights,ARKNIGHTS,more than 2 hour,more than 2 hour,None,strongly disagree,Agree,Disagree,Agree,Strongly disagree,Disagree,Strongly disagree,Strongly disagree,Neither agree nor disagree,Strongly disagree,Disagree,Disagree,Neither agree nor disagree,Strongly disagree,Strongly disagree,Strongly disagree,Neither agree nor disagree,Strongly disagree,Disagree,Neither agree nor disagree,Strongly disagree,Disagree,Disagree,Strongly disagree,Disagree,Disagree,Strongly disagree,Strongly disagree,Strongly disagree,Strongly disagree,no,no
7/13/2023 13:02,15,male,9th,Lahore,extended,action,Pubg,PUBG,more than 5 hour,more than 5 hour,NA,strongly disagree,Agree,Disagree,Strongly disagree,Strongly disagree,Strongly disagree,Disagree,Disagree,Disagree,Strongly disagree,Strongly disagree,Strongly agree,Strongly agree,Agree,Neither agree nor disagree,Disagree,Strongly agree,Agree,Agree,Agree,Neither agree nor disagree,Strongly agree,Strongly agree,Strongly agree,Disagree,Agree,Neither agree nor disagree,Strongly disagree,Strongly disagree,Strongly disagree,no,no
7/13/2023 13:08,20,male,Bs,Quetta ,joint,action,Call of duty,CALL OF DUTY,more than 3 hour,more than 1 hour,I have bulit my English and active my mind ,niether disagree nor agree,Agree,Agree,Neither agree nor disagree,Agree,Agree,Agree,Agree,Neither agree nor disagree,Agree,Agree,Disagree,Agree,Agree,Agree,Agree,Agree,Agree,Neither agree nor disagree,Agree,Agree,Disagree,Strongly agree,Agree,Strongly disagree,Agree,Agree,Strongly disagree,Agree,Strongly agree,no,yes
7/13/2023 15:43,20,male,DVM,Layyah,joint,action,PUB G,PUB G,more than 2 hour,more than 1 hour,Aggressive,agree,Agree,Agree,Neither agree nor disagree,Disagree,Neither agree nor disagree,Disagree,Strongly disagree,Neither agree nor disagree,Disagree,Neither agree nor disagree,Agree,Disagree,Strongly disagree,Agree,Disagree,Agree,Agree,Agree,Neither agree nor disagree,Agree,Agree,Neither agree nor disagree,Disagree,Disagree,Disagree,Disagree,Neither agree nor disagree,Disagree,Agree,yes,yes
7/13/2023 20:45,18,male,12th,Lahore,joint,action,Counter Strike Global Offensive ,COUNTER STRIKE GLOBAL OFFENSIVE ,more than 2 hour,more than 1 hour,"Lack of focus, low temper, easily distraction, hArd time studying.",agree,Strongly agree,Strongly agree,Disagree,Disagree,Strongly agree,Neither agree nor disagree,Agree,Strongly agree,Neither agree nor disagree,Disagree,Agree,Agree,Disagree,Strongly agree,Agree,Agree,Neither agree nor disagree,Strongly agree,Strongly agree,Disagree,Strongly agree,Strongly agree,Strongly agree,Strongly agree,Agree,Neither agree nor disagree,Disagree,Agree,Agree,yes,yes
7/13/2023 20:53,19,male,LLB,Lahore,joint,fighting,Pubg,PUBG,more than 3 hour,more than 3 hour,Nothing ,disagree,Agree,Disagree,Agree,Disagree,Agree,Agree,Disagree,Disagree,Disagree,Disagree,Disagree,Agree,Disagree,Agree,Agree,Disagree,Disagree,Disagree,Disagree,Agree,Agree,Agree,Agree,Agree,Agree,Disagree,Disagree,Agree,Agree,no,yes
7/13/2023 20:55,18,female,11th,Lahore ,joint,sports,A-1 city ,A-1 CITY ,more than 3 hour,less than 1 hour,I feel relax,disagree,Strongly agree,Agree,Strongly agree,Strongly disagree,Agree,Strongly disagree,Strongly disagree,Agree,Strongly disagree,Agree,Disagree,Agree,Disagree,Agree,Agree,Disagree,Agree,Agree,Disagree,Agree,Agree,Disagree,Agree,Strongly agree,Strongly agree,Agree,Disagree,Disagree,Agree,no,yes
7/13/2023 20:58,18,male,11th,lahore,joint,action,Pubg,PUBG,more than 3 hour,more than 3 hour,i wana paly game for. freshment ,disagree,Disagree,Agree,Neither agree nor disagree,Disagree,Agree,Disagree,Disagree,Disagree,Disagree,Agree,Agree,Agree,Disagree,Disagree,Disagree,Disagree,Strongly disagree,Neither agree nor disagree,Disagree,Disagree,Disagree,Disagree,Neither agree nor disagree,Neither agree nor disagree,Agree,Disagree,Disagree,Disagree,Neither agree nor disagree,yes,yes
7/13/2023 21:00,18,male,12th,Lahore,joint,sports,Funny,FUNNY,less than 1 hour,less than 1 hour,Wasting of time.,strongly disagree,Agree,Neither agree nor disagree,Agree,Agree,Strongly agree,Neither agree nor disagree,Strongly disagree,Disagree,Disagree,Neither agree nor disagree,Neither agree nor disagree,Agree,Agree,Agree,Agree,Agree,Neither agree nor disagree,Strongly disagree,Disagree,Disagree,Strongly agree,Strongly agree,Strongly disagree,Strongly agree,Strongly disagree,Neither agree nor disagree,Neither agree nor disagree,Strongly disagree,Strongly agree,no,yes
7/13/2023 21:28,22,male,MSC ,Lahore ,nuclear,sports,World cricket ,WORLD CRICKET ,less than 1 hour,less than 1 hour,Wants to play more than more ,disagree,Disagree,Agree,Neither agree nor disagree,Strongly disagree,Agree,Neither agree nor disagree,Strongly disagree,Neither agree nor disagree,Strongly disagree,Neither agree nor disagree,Disagree,Neither agree nor disagree,Disagree,Neither agree nor disagree,Disagree,Disagree,Neither agree nor disagree,Neither agree nor disagree,Strongly disagree,Neither agree nor disagree,Disagree,Disagree,Neither agree nor disagree,Neither agree nor disagree,Neither agree nor disagree,Strongly disagree,Neither agree nor disagree,Disagree,Neither agree nor disagree,no,yes
7/13/2023 21:50,25,male,Master,Kasur,joint,puzzle,Buble Gum,BUBLE GUM,more than 1 hour,more than 1 hour,Time pass,strongly disagree,Strongly disagree,Neither agree nor disagree,Strongly agree,Strongly disagree,Agree,Strongly disagree,Strongly disagree,Strongly disagree,Strongly disagree,Strongly disagree,Strongly disagree,Neither agree nor disagree,Strongly disagree,Strongly disagree,Strongly disagree,Disagree,Disagree,Neither agree nor disagree,Agree,Neither agree nor disagree,Strongly disagree,Strongly disagree,Strongly disagree,Neither agree nor disagree,Strongly disagree,Strongly disagree,Strongly disagree,Strongly disagree,Neither agree nor disagree,no,yes
7/13/2023 22:07,22,female,Master,Lahore,nuclear,puzzle,candy crash,CANDY CRASH,less than 1 hour,less than 1 hour,no,niether disagree nor agree,Neither agree nor disagree,Neither agree nor disagree,Neither agree nor disagree,Neither agree nor disagree,Neither agree nor disagree,Neither agree nor disagree,Neither agree nor disagree,Neither agree nor disagree,Neither agree nor disagree,Neither agree nor disagree,Strongly disagree,Agree,Neither agree nor disagree,Disagree,Neither agree nor disagree,Neither agree nor disagree,Neither agree nor disagree,Agree,Neither agree nor disagree,Neither agree nor disagree,Neither agree nor disagree,Disagree,Neither agree nor disagree,Agree,Neither agree nor disagree,Strongly agree,Neither agree nor disagree,Neither agree nor disagree,Agree,yes,yes
7/13/2023 22:27,17,male,10th,lahore,nuclear,fighting,vicecity,VICECITY,more than 2 hour,more than 2 hour,during game feel good after realize waste time,disagree,Agree,Disagree,Neither agree nor disagree,Agree,Neither agree nor disagree,Agree,Disagree,Agree,Agree,Strongly agree,Neither agree nor disagree,Disagree,Strongly disagree,Agree,Neither agree nor disagree,Neither agree nor disagree,Neither agree nor disagree,Neither agree nor disagree,Neither agree nor disagree,Disagree,Agree,Agree,Neither agree nor disagree,Strongly disagree,Neither agree nor disagree,Disagree,Neither agree nor disagree,Neither agree nor disagree,Agree,no,yes
7/13/2023 22:52,20,male,12th,Faisalabad ,joint,action,Pubg,PUBG,more than 2 hour,more than 2 hour,Abnormal ,agree,Neither agree nor disagree,Agree,Agree,Neither agree nor disagree,Neither agree nor disagree,Agree,Neither agree nor disagree,Agree,Disagree,Agree,Agree,Disagree,Agree,Agree,Agree,Agree,Neither agree nor disagree,Agree,Agree,Neither agree nor disagree,Agree,Neither agree nor disagree,Neither agree nor disagree,Disagree,Agree,Neither agree nor disagree,Agree,Neither agree nor disagree,Neither agree nor disagree,no,yes
7/13/2023 23:09,18,female,12th,Lahore ,joint,fighting,PUBG,PUBG,more than 2 hour,less than 1 hour,Nothing,disagree,Disagree,Strongly agree,Agree,Strongly disagree,Neither agree nor disagree,Strongly disagree,Strongly disagree,Strongly agree,Strongly disagree,Strongly agree,Strongly disagree,Agree,Strongly disagree,Agree,Disagree,Disagree,Disagree,Disagree,Agree,Disagree,Agree,Strongly disagree,Agree,Disagree,Strongly disagree,Disagree,Disagree,Disagree,Disagree,no,yes
7/13/2023 23:11,17,male,10th,Balochistan ,joint,sports,Football ,FOOTBALL ,more than 1 hour,more than 2 hour,No change,disagree,Agree,Neither agree nor disagree,Disagree,Agree,Neither agree nor disagree,Agree,Disagree,Neither agree nor disagree,Strongly disagree,Neither agree nor disagree,Neither agree nor disagree,Agree,Disagree,Agree,Neither agree nor disagree,Agree,Agree,Agree,Disagree,Neither agree nor disagree,Neither agree nor disagree,Neither agree nor disagree,Neither agree nor disagree,Agree,Strongly disagree,Neither agree nor disagree,Neither agree nor disagree,Disagree,Neither agree nor disagree,no,yes
7/13/2023 23:24,20,male,12th,Rawalpindi,joint,fighting,Pubg mobile,PUBG MOBILE,more than 2 hour,less than 1 hour,Just for fun,disagree,Agree,Agree,Agree,Disagree,Neither agree nor disagree,Disagree,Neither agree nor disagree,Neither agree nor disagree,Neither agree nor disagree,Disagree,Disagree,Disagree,Disagree,Disagree,Disagree,Disagree,Disagree,Disagree,Disagree,Disagree,Disagree,Disagree,Disagree,Disagree,Disagree,Disagree,Disagree,Disagree,Disagree,no,no
7/13/2023 23:51,15,male,9th,Lahore,joint,action,Pubg,PUBG,more than 1 hour,more than 1 hour,"I,m normal playing this game",disagree,Agree,Disagree,Disagree,Disagree,Agree,Disagree,Agree,Agree,Disagree,Agree,Disagree,Agree,Disagree,Disagree,Agree,Disagree,Disagree,Disagree,Agree,Disagree,Agree,Disagree,Agree,Strongly agree,Disagree,Disagree,Disagree,Disagree,Disagree,yes,yes
7/13/2023 23:57,23,male,Msc ,Lahore,joint,fighting,Gangsters 2,GANGSTERS 2,more than 5 hour,more than 5 hour,Feeling aggressive and glamourised offending ,agree,Strongly disagree,Neither agree nor disagree,Strongly agree,Strongly disagree,Agree,Disagree,Agree,Strongly agree,Disagree,Disagree,Disagree,Agree,Disagree,Agree,Disagree,Neither agree nor disagree,Agree,Agree,Agree,Disagree,Disagree,Disagree,Agree,Agree,Disagree,Disagree,Agree,Neither agree nor disagree,Agree,no,yes
7/14/2023 0:05,21,male,15th,Sheikhupura ,joint,action,Glory of generals,GLORY OF GENERALS,more than 1 hour,less than 1 hour,None,strongly disagree,Neither agree nor disagree,Neither agree nor disagree,Neither agree nor disagree,Disagree,Disagree,Strongly disagree,Disagree,Agree,Disagree,Strongly disagree,Disagree,Disagree,Disagree,Disagree,Disagree,Strongly disagree,Strongly disagree,Strongly disagree,Disagree,Disagree,Disagree,Disagree,Disagree,Agree,Disagree,Strongly disagree,Strongly disagree,Strongly disagree,Strongly disagree,yes,no
7/14/2023 8:22,20,male,Diploma ,Lahore ,joint,sports,Cricket ,CRICKET ,less than 1 hour,less than 1 hour,Yes,agree,Disagree,Disagree,Disagree,Disagree,Neither agree nor disagree,Disagree,Neither agree nor disagree,Agree,Agree,Agree,Agree,Agree,Agree,Agree,Agree,Agree,Neither agree nor disagree,Neither agree nor disagree,Neither agree nor disagree,Neither agree nor disagree,Agree,Disagree,Agree,Agree,Agree,Disagree,Agree,Strongly disagree,Agree,no,yes
7/14/2023 11:32,18,male,12th,Lahore,joint,action,Pubg,PUBG,more than 3 hour,more than 2 hour,Frustatiom,niether disagree nor agree,Disagree,Agree,Neither agree nor disagree,Disagree,Agree,Strongly disagree,Strongly agree,Disagree,Neither agree nor disagree,Disagree,Disagree,Agree,Strongly agree,Strongly agree,Strongly disagree,Strongly agree,Strongly disagree,Strongly agree,Strongly disagree,Disagree,Disagree,Strongly disagree,Strongly disagree,Neither agree nor disagree,Disagree,Strongly disagree,Disagree,Agree,Agree,yes,yes
7/14/2023 11:33,19,male,11th,Lahore,joint,roleplay,GTA san andreas,GTA SAN ANDREAS,more than 2 hour,more than 2 hour,feel like i must play more,strongly disagree,Agree,Disagree,Agree,Disagree,Disagree,Agree,Neither agree nor disagree,Strongly agree,Agree,Disagree,Agree,Disagree,Strongly disagree,Agree,Disagree,Agree,Disagree,Disagree,Agree,Strongly disagree,Neither agree nor disagree,Agree,Disagree,Neither agree nor disagree,Disagree,Disagree,Disagree,Disagree,Disagree,no,no
7/14/2023 12:09,23,female,BS 4th year ,Lahore ,joint,roleplay,Pubg,PUBG,less than 1 hour,more than 1 hour,Increased aggression,agree,Neither agree nor disagree,Strongly agree,Strongly agree,Neither agree nor disagree,Agree,Agree,Neither agree nor disagree,Strongly agree,Agree,Neither agree nor disagree,Neither agree nor disagree,Strongly agree,Agree,Disagree,Neither agree nor disagree,Strongly agree,Strongly agree,Neither agree nor disagree,Disagree,Neither agree nor disagree,Agree,Agree,Agree,Agree,Agree,Agree,Neither agree nor disagree,Strongly agree,Neither agree nor disagree,yes,no
7/14/2023 12:25,18,male,Bachelors,Lahore,nuclear,fighting,Pubg,PUBG,more than 5 hour,more than 5 hour,I feel like playing out the same violent stunts as the actors in the videogame act out.,strongly agree,Strongly agree,Strongly agree,Strongly agree,Strongly agree,Strongly agree,Strongly agree,Strongly agree,Strongly agree,Strongly agree,Agree,Strongly agree,Strongly agree,Neither agree nor disagree,Strongly agree,Strongly agree,Strongly agree,Strongly agree,Strongly agree,Strongly agree,Strongly agree,Strongly agree,Strongly agree,Strongly agree,Strongly agree,Strongly agree,Strongly agree,Strongly agree,Strongly agree,Strongly agree,yes,yes
7/14/2023 12:41,19,male,9th,Lahore,extended,action,Mortal kombat,MORTAL KOMBAT,more than 1 hour,more than 1 hour,Relaxed,disagree,Disagree,Neither agree nor disagree,Disagree,Disagree,Neither agree nor disagree,Neither agree nor disagree,Disagree,Neither agree nor disagree,Neither agree nor disagree,Neither agree nor disagree,Agree,Disagree,Strongly disagree,Neither agree nor disagree,Disagree,Neither agree nor disagree,Disagree,Neither agree nor disagree,Agree,Strongly disagree,Neither agree nor disagree,Agree,Disagree,Neither agree nor disagree,Disagree,Neither agree nor disagree,Neither agree nor disagree,Strongly disagree,Neither agree nor disagree,no,no
7/14/2023 12:43,16,male,9th,Lahore,nuclear,first person shooter,Shadow fight,SHADOW FIGHT,less than 1 hour,less than 1 hour,Fun,niether disagree nor agree,Disagree,Strongly disagree,Strongly disagree,Disagree,Neither agree nor disagree,Neither agree nor disagree,Disagree,Strongly disagree,Disagree,Disagree,Neither agree nor disagree,Strongly disagree,Disagree,Disagree,Strongly disagree,Neither agree nor disagree,Disagree,Strongly disagree,Strongly disagree,Disagree,Neither agree nor disagree,Disagree,Neither agree nor disagree,Disagree,Disagree,Strongly disagree,Strongly disagree,Strongly disagree,Disagree,no,yes
7/14/2023 12:58,20,female,12th,Lahore,joint,action,Pubg,PUBG,more than 2 hour,more than 2 hour,Motivated,agree,Agree,Neither agree nor disagree,Agree,Neither agree nor disagree,Agree,Agree,Neither agree nor disagree,Agree,Neither agree nor disagree,Agree,Agree,Agree,Strongly disagree,Agree,Disagree,Agree,Strongly disagree,Disagree,Strongly agree,Strongly agree,Disagree,Agree,Agree,Agree,Strongly disagree,Neither agree nor disagree,Agree,Disagree,Agree,yes,no
7/14/2023 13:04,19,male,bs,lahore,joint,sports,cricket ,CRICKET ,more than 2 hour,more than 2 hour,i feel relaxed ,strongly disagree,Neither agree nor disagree,Disagree,Strongly disagree,Agree,Agree,Disagree,Disagree,Disagree,Disagree,Strongly disagree,Strongly disagree,Strongly disagree,Disagree,Disagree,Strongly disagree,Disagree,Disagree,Disagree,Disagree,Disagree,Disagree,Disagree,Disagree,Disagree,Disagree,Disagree,Disagree,Disagree,Disagree,no,no
7/14/2023 13:14,17,male,11th,Lahore,joint,action,PUBG,PUBG,more than 2 hour,more than 3 hour,Agrresive,agree,Agree,Agree,Agree,Agree,Agree,Agree,Agree,Agree,Agree,Agree,Agree,Agree,Strongly agree,Agree,Agree,Agree,Agree,Agree,Agree,Disagree,Agree,Agree,Agree,Agree,Agree,Agree,Agree,Agree,Agree,yes,yes
7/14/2023 13:17,18,male,11th,Lahore,joint,sports,Cricket,CRICKET,more than 3 hour,more than 2 hour,Irritation,strongly disagree,Strongly disagree,Disagree,Agree,Strongly agree,Agree,Agree,Disagree,Agree,Strongly disagree,Strongly agree,Agree,Disagree,Strongly disagree,Agree,Disagree,Agree,Disagree,Strongly disagree,Strongly agree,Disagree,Agree,Agree,Agree,Agree,Disagree,Disagree,Strongly agree,Strongly disagree,Strongly disagree,yes,yes
7/14/2023 13:31,25,male,16,Lahore ,joint,No,8poll,8POLL,less than 1 hour,less than 1 hour,No,strongly disagree,Disagree,Agree,Disagree,Disagree,Neither agree nor disagree,Neither agree nor disagree,Disagree,Neither agree nor disagree,Agree,Agree,Disagree,Agree,Strongly agree,Neither agree nor disagree,Neither agree nor disagree,Disagree,Strongly agree,Neither agree nor disagree,Neither agree nor disagree,Disagree,Disagree,Disagree,Neither agree nor disagree,Disagree,Agree,Neither agree nor disagree,Disagree,Disagree,Neither agree nor disagree,yes,no
7/14/2023 13:44,25,male,M.A special Education ,Rajanpur ,joint,fighting,PUBG,PUBG,more than 1 hour,less than 1 hour,No changes,agree,Agree,Agree,Agree,Disagree,Disagree,Disagree,Disagree,Agree,Disagree,Disagree,Disagree,Disagree,Disagree,Disagree,Agree,Agree,Disagree,Agree,Neither agree nor disagree,Disagree,Disagree,Disagree,Disagree,Disagree,Disagree,Disagree,Disagree,Disagree,Agree,no,yes
7/14/2023 13:53,19,male,12th,Lahore ,nuclear,fighting,PUBG,PUBG,more than 2 hour,more than 2 hour,Idk,niether disagree nor agree,Agree,Agree,Neither agree nor disagree,Neither agree nor disagree,Neither agree nor disagree,Neither agree nor disagree,Neither agree nor disagree,Disagree,Strongly disagree,Disagree,Neither agree nor disagree,Disagree,Disagree,Disagree,Disagree,Neither agree nor disagree,Neither agree nor disagree,Strongly disagree,Neither agree nor disagree,Neither agree nor disagree,Disagree,Neither agree nor disagree,Neither agree nor disagree,Neither agree nor disagree,Neither agree nor disagree,Neither agree nor disagree,Neither agree nor disagree,Agree,Agree,yes,yes
7/14/2023 14:56,28,male,BA (AD),Lahore ,joint,sports,Crickets ,CRICKETS ,more than 1 hour,more than 1 hour,No,agree,Strongly disagree,Strongly disagree,Strongly disagree,Strongly disagree,Strongly disagree,Strongly disagree,Strongly disagree,Strongly disagree,Neither agree nor disagree,Strongly disagree,Strongly disagree,Strongly disagree,Strongly disagree,Strongly disagree,Neither agree nor disagree,Agree,Agree,Strongly disagree,Strongly disagree,Strongly disagree,Strongly disagree,Strongly disagree,Strongly disagree,Strongly disagree,Strongly disagree,Strongly disagree,Strongly disagree,Strongly disagree,Strongly disagree,no,no
7/14/2023 15:36,20,male,12th,Lahore ,joint,sports,Pubg,PUBG,less than 1 hour,more than 2 hour,Nothing ,agree,Neither agree nor disagree,Neither agree nor disagree,Disagree,Disagree,Agree,Disagree,Strongly disagree,Strongly disagree,Neither agree nor disagree,Agree,Agree,Disagree,Disagree,Neither agree nor disagree,Neither agree nor disagree,Disagree,Disagree,Agree,Agree,Agree,Agree,Agree,Agree,Strongly agree,Strongly agree,Neither agree nor disagree,Disagree,Disagree,Neither agree nor disagree,yes,yes
7/14/2023 15:39,19,male,12th,Quetta ,joint,sports,Ludo,LUDO,more than 1 hour,more than 1 hour,Mm,disagree,Agree,Disagree,Strongly disagree,Neither agree nor disagree,Disagree,Neither agree nor disagree,Agree,Neither agree nor disagree,Neither agree nor disagree,Disagree,Neither agree nor disagree,Disagree,Agree,Strongly agree,Strongly disagree,Disagree,Neither agree nor disagree,Agree,Strongly agree,Strongly disagree,Disagree,Neither agree nor disagree,Agree,Strongly agree,Strongly disagree,Disagree,Neither agree nor disagree,Agree,Strongly agree,no,yes
7/14/2023 15:42,16,male,11th,Lahore ,joint,sports,Fifa 23 ,FIFA 23 ,more than 3 hour,more than 2 hour,Turned a bit angry ,agree,Neither agree nor disagree,Agree,Agree,Strongly disagree,Disagree,Neither agree nor disagree,Agree,Neither agree nor disagree,Strongly disagree,Agree,Strongly disagree,Strongly disagree,Disagree,Agree,Disagree,Neither agree nor disagree,Agree,Agree,Neither agree nor disagree,Neither agree nor disagree,Neither agree nor disagree,Neither agree nor disagree,Neither agree nor disagree,Agree,Agree,Neither agree nor disagree,Neither agree nor disagree,Neither agree nor disagree,Neither agree nor disagree,no,no
7/14/2023 15:47,15,female,10th,lahore,joint,fighting,fortnite ,FORTNITE ,more than 1 hour,more than 1 hour,being angry,agree,Disagree,Agree,Strongly agree,Strongly disagree,Neither agree nor disagree,Agree,Agree,Agree,Strongly disagree,Strongly agree,Strongly disagree,Agree,Strongly disagree,Neither agree nor disagree,Disagree,Strongly agree,Strongly disagree,Neither agree nor disagree,Agree,Strongly disagree,Neither agree nor disagree,Strongly disagree,Strongly agree,Neither agree nor disagree,Strongly disagree,Strongly disagree,Neither agree nor disagree,Strongly disagree,Neither agree nor disagree,no,no
7/14/2023 15:55,16,male,11th,Lahore,joint,roleplay,Elden ring/fifa,ELDEN RING/FIFA,more than 1 hour,more than 1 hour,None ,disagree,Strongly agree,Neither agree nor disagree,Agree,Neither agree nor disagree,Disagree,Disagree,Neither agree nor disagree,Disagree,Neither agree nor disagree,Disagree,Agree,Neither agree nor disagree,Strongly disagree,Agree,Disagree,Disagree,Disagree,Neither agree nor disagree,Strongly agree,Strongly disagree,Disagree,Agree,Strongly disagree,Disagree,Disagree,Strongly disagree,Strongly disagree,Disagree,Disagree,no,no
7/14/2023 16:03,15,male,11th,Lahore,joint,first person shooter,Call of duty,CALL OF DUTY,more than 3 hour,more than 3 hour,None,disagree,Neither agree nor disagree,Disagree,Agree,Strongly disagree,Strongly disagree,Strongly disagree,Disagree,Strongly agree,Disagree,Disagree,Strongly disagree,Strongly disagree,Strongly disagree,Neither agree nor disagree,Strongly disagree,Agree,Agree,Neither agree nor disagree,Strongly agree,Neither agree nor disagree,Strongly disagree,Strongly disagree,Agree,Disagree,Strongly disagree,Strongly disagree,Strongly disagree,Strongly disagree,Agree,no,no
7/14/2023 16:29,15,male,11th,Lahore ,nuclear,sports,PUBG,PUBG,more than 3 hour,more than 3 hour,"People respond differently for me it?s nothing , I feel good and less tired and I think that people feel good around me once I?m relaxed by playing games",niether disagree nor agree,Agree,Strongly agree,Neither agree nor disagree,Neither agree nor disagree,Neither agree nor disagree,Agree,Neither agree nor disagree,Agree,Agree,Strongly agree,Neither agree nor disagree,Agree,Disagree,Strongly disagree,Disagree,Agree,Agree,Neither agree nor disagree,Agree,Agree,Neither agree nor disagree,Agree,Strongly agree,Disagree,Disagree,Neither agree nor disagree,Strongly disagree,Neither agree nor disagree,Agree,no,no
7/14/2023 17:03,20,male,12th,Lhr,joint,sports,Cricket,CRICKET,more than 1 hour,less than 1 hour,Noting ,strongly disagree,Strongly disagree,Disagree,Neither agree nor disagree,Agree,Disagree,Neither agree nor disagree,Neither agree nor disagree,Agree,Strongly disagree,Disagree,Neither agree nor disagree,Disagree,Strongly disagree,Strongly disagree,Neither agree nor disagree,Neither agree nor disagree,Strongly agree,Strongly agree,Agree,Disagree,Strongly agree,Strongly disagree,Strongly agree,Strongly agree,Strongly disagree,Strongly disagree,Strongly disagree,Strongly disagree,Disagree,no,no
7/14/2023 17:23,23,male,M A,Shikarpur,joint,sports,Racing car,RACING CAR,more than 2 hour,more than 2 hour,Nice,agree,Agree,Agree,Agree,Agree,Agree,Agree,Agree,Agree,Agree,Agree,Agree,Agree,Agree,Agree,Agree,Agree,Agree,Agree,Agree,Agree,Agree,Agree,Agree,Agree,Agree,Agree,Agree,Agree,Agree,yes,yes
7/14/2023 22:10,18,female,12th,Lahore,joint,fighting,PUBG,PUBG,more than 1 hour,more than 1 hour,Nothing,disagree,Agree,Agree,Agree,Disagree,Disagree,Strongly disagree,Disagree,Agree,Strongly disagree,Neither agree nor disagree,Disagree,Agree,Disagree,Neither agree nor disagree,Disagree,Agree,Neither agree nor disagree,Disagree,Agree,Neither agree nor disagree,Neither agree nor disagree,Disagree,Neither agree nor disagree,Disagree,Disagree,Disagree,Disagree,Disagree,Neither agree nor disagree,no,yes
7/15/2023 1:18,17,male,Bachelors,Lahore,joint,fighting,World of Tanks PC,WORLD OF TANKS PC,less than 1 hour,less than 1 hour,"I used to feel dissatisfied by the way I was spending my time/life.  stability and and weakened my mental strength and resolve, perhaps even contributed to loss of emotional control.",strongly disagree,Agree,Agree,Agree,Neither agree nor disagree,Disagree,Strongly disagree,Neither agree nor disagree,Agree,Disagree,Disagree,Disagree,Disagree,Strongly disagree,Neither agree nor disagree,Neither agree nor disagree,Neither agree nor disagree,Strongly disagree,Neither agree nor disagree,Neither agree nor disagree,Strongly disagree,Disagree,Agree,Strongly disagree,Strongly disagree,Disagree,Strongly disagree,Strongly disagree,Strongly disagree,Strongly disagree,no,no
7/15/2023 2:52,18,male,12th,Zhob,joint,fighting,Pubg,PUBG,more than 3 hour,more than 3 hour,Bad behaviour,agree,Neither agree nor disagree,Disagree,Agree,Strongly agree,Strongly disagree,Agree,Strongly disagree,Agree,Strongly disagree,Agree,Strongly agree,Agree,Disagree,Disagree,Neither agree nor disagree,Agree,Strongly agree,Strongly agree,Agree,Agree,Agree,Agree,Agree,Strongly agree,Agree,Disagree,Disagree,Strongly disagree,Neither agree nor disagree,no,yes
7/16/2023 10:10,20,male,Doctor of veterinary medicine  ,Zhob,joint,fighting,Counter strike ,COUNTER STRIKE ,more than 1 hour,more than 1 hour,I am now somehow furious and depressed ,agree,Neither agree nor disagree,Strongly agree,Strongly agree,Disagree,Disagree,Disagree,Neither agree nor disagree,Agree,Disagree,Agree,Disagree,Agree,Strongly disagree,Strongly disagree,Strongly disagree,Disagree,Disagree,Neither agree nor disagree,Strongly disagree,Neither agree nor disagree,Agree,Agree,Disagree,Disagree,Strongly disagree,Neither agree nor disagree,Neither agree nor disagree,Strongly disagree,Neither agree nor disagree,no,yes
7/16/2023 20:02,15,female,9th,Lahore,joint,action,Call of Duty,CALL OF DUTY,more than 1 hour,more than 1 hour,Tried to Follow some Techniques ,disagree,Strongly disagree,Agree,Disagree,Strongly disagree,Agree,Strongly disagree,Strongly disagree,Strongly disagree,Strongly disagree,Neither agree nor disagree,Strongly disagree,Agree,Strongly disagree,Neither agree nor disagree,Disagree,Agree,Agree,Disagree,Disagree,Disagree,Agree,Agree,Neither agree nor disagree,Disagree,Disagree,Disagree,Disagree,Disagree,Disagree,no,no
7/16/2023 20:08,15,female,9th,Lahore,nuclear,action,Free fire ,FREE FIRE ,less than 1 hour,less than 1 hour,Sometimes angry on siblings ,agree,Agree,Agree,Agree,Disagree,Agree,Agree,Agree,Agree,Agree,Agree,Agree,Disagree,Agree,Agree,Disagree,Agree,Agree,Disagree,Agree,Disagree,Agree,Disagree,Agree,Agree,Disagree,Agree,Agree,Agree,Agree,yes,yes
7/16/2023 20:34,16,female,12th,Iqbal Park Link 11rifal range road DHA phase 1main bloue vard Lahore ,nuclear,puzzle,Grand thief auto V,GRAND THIEF AUTO V,less than 1 hour,less than 1 hour,Can't takes its seriously.,niether disagree nor agree,Strongly agree,Disagree,Agree,Disagree,Disagree,Strongly disagree,Neither agree nor disagree,Neither agree nor disagree,Strongly disagree,Neither agree nor disagree,Disagree,Strongly agree,Agree,Strongly disagree,Strongly disagree,Neither agree nor disagree,Disagree,Neither agree nor disagree,Strongly agree,Disagree,Disagree,Neither agree nor disagree,Strongly agree,Disagree,Disagree,Strongly disagree,Agree,Strongly disagree,Disagree,no,no
7/16/2023 22:07,19,male,9th,Lahore ,joint,first person shooter,Call of duty mobile ,CALL OF DUTY MOBILE ,more than 2 hour,more than 2 hour,Excited,niether disagree nor agree,Disagree,Agree,Agree,Neither agree nor disagree,Disagree,Disagree,Neither agree nor disagree,Agree,Disagree,Agree,Disagree,Disagree,Neither agree nor disagree,Neither agree nor disagree,Disagree,Disagree,Neither agree nor disagree,Disagree,Neither agree nor disagree,Neither agree nor disagree,Disagree,Disagree,Neither agree nor disagree,Strongly disagree,Agree,Disagree,Disagree,Disagree,Agree,yes,no
7/16/2023 22:42,15,female,10th,Lahore,nuclear,puzzle,Brain test,BRAIN TEST,less than 1 hour,less than 1 hour,No change,niether disagree nor agree,Agree,Neither agree nor disagree,Agree,Disagree,Agree,Disagree,Neither agree nor disagree,Agree,Disagree,Agree,Disagree,Disagree,Strongly disagree,Agree,Neither agree nor disagree,Agree,Neither agree nor disagree,Neither agree nor disagree,Disagree,Disagree,Neither agree nor disagree,Disagree,Agree,Neither agree nor disagree,Neither agree nor disagree,Disagree,Strongly disagree,Disagree,Agree,no,yes
7/16/2023 22:49,20,female,12th,Lahore,nuclear,fighting,Call of duty,CALL OF DUTY,less than 1 hour,less than 1 hour,No changes,disagree,Disagree,Agree,Agree,Strongly agree,Agree,Strongly disagree,Disagree,Neither agree nor disagree,Strongly disagree,Strongly agree,Agree,Strongly agree,Strongly disagree,Strongly agree,Neither agree nor disagree,Strongly agree,Agree,Strongly agree,Strongly agree,Agree,Disagree,Disagree,Strongly agree,Agree,Agree,Disagree,Strongly disagree,Strongly disagree,Strongly disagree,no,yes
7/16/2023 22:57,15,male,9th,Lahore,joint,action,Call of duty,CALL OF DUTY,more than 5 hour,more than 5 hour,I want to shoot every moving thing on earth.,strongly agree,Strongly agree,Agree,Strongly agree,Strongly agree,Strongly agree,Disagree,Strongly agree,Neither agree nor disagree,Strongly disagree,Strongly agree,Strongly agree,Neither agree nor disagree,Neither agree nor disagree,Agree,Agree,Agree,Agree,Agree,Strongly agree,Agree,Neither agree nor disagree,Agree,Neither agree nor disagree,Agree,Agree,Neither agree nor disagree,Agree,Neither agree nor disagree,Neither agree nor disagree,no,yes
7/16/2023 23:00,17,male,12th,Lahore,joint,action,Counter Strike 1.6,COUNTER STRIKE 1.6,more than 3 hour,more than 2 hour,I see everyone as my target and sometimes I wanted to implement the game scenario in real life. ,disagree,Neither agree nor disagree,Strongly agree,Agree,Strongly disagree,Disagree,Strongly disagree,Strongly disagree,Agree,Strongly disagree,Strongly agree,Strongly disagree,Agree,Strongly disagree,Agree,Strongly disagree,Agree,Strongly disagree,Strongly disagree,Agree,Agree,Strongly disagree,Strongly disagree,Strongly disagree,Strongly disagree,Disagree,Strongly disagree,Strongly disagree,Strongly disagree,Disagree,yes,no
7/16/2023 23:06,18,female,12th,Lahore,joint,fighting,Gta ,GTA ,less than 1 hour,more than 1 hour,No,strongly disagree,Strongly disagree,Strongly disagree,Strongly agree,Strongly disagree,Strongly agree,Strongly disagree,Strongly disagree,Agree,Strongly agree,Strongly agree,Strongly disagree,Agree,Strongly disagree,Strongly disagree,Strongly agree,Strongly disagree,Strongly agree,Strongly agree,Strongly agree,Disagree,Strongly agree,Strongly agree,Strongly agree,Strongly disagree,Agree,Strongly disagree,Strongly disagree,Strongly disagree,Agree,no,no
7/16/2023 23:31,15,female,9th,pakpattan ,nuclear,action,PUBG,PUBG,more than 3 hour,more than 2 hour,nothing,niether disagree nor agree,Agree,Agree,Neither agree nor disagree,Strongly agree,Agree,Strongly agree,Strongly agree,Agree,Strongly disagree,Strongly agree,Agree,Disagree,Strongly disagree,Agree,Strongly agree,Strongly disagree,Neither agree nor disagree,Neither agree nor disagree,Strongly agree,Neither agree nor disagree,Neither agree nor disagree,Agree,Agree,Neither agree nor disagree,Disagree,Strongly disagree,Strongly disagree,Agree,Neither agree nor disagree,no,no
7/17/2023 0:14,20,male,12th,Lahore,joint,action,Pubg,PUBG,more than 2 hour,more than 2 hour,Nothing ,strongly agree,Neither agree nor disagree,Neither agree nor disagree,Neither agree nor disagree,Strongly disagree,Disagree,Strongly agree,Strongly disagree,Agree,Agree,Agree,Neither agree nor disagree,Neither agree nor disagree,Disagree,Neither agree nor disagree,Neither agree nor disagree,Neither agree nor disagree,Neither agree nor disagree,Neither agree nor disagree,Neither agree nor disagree,Neither agree nor disagree,Neither agree nor disagree,Agree,Strongly agree,Neither agree nor disagree,Strongly agree,Neither agree nor disagree,Neither agree nor disagree,Neither agree nor disagree,Neither agree nor disagree,no,yes
7/17/2023 0:22,20,female,Bsc (hons),Lahore,nuclear,action,Call of duty,CALL OF DUTY,more than 1 hour,less than 1 hour,Getting annoyed easily ,niether disagree nor agree,Disagree,Agree,Neither agree nor disagree,Disagree,Neither agree nor disagree,Disagree,Neither agree nor disagree,Agree,Strongly disagree,Disagree,Disagree,Agree,Disagree,Neither agree nor disagree,Agree,Neither agree nor disagree,Neither agree nor disagree,Neither agree nor disagree,Neither agree nor disagree,Disagree,Agree,Agree,Neither agree nor disagree,Neither agree nor disagree,Neither agree nor disagree,Disagree,Disagree,Disagree,Disagree,no,yes
7/17/2023 0:38,20,female,12th,Lahore,nuclear,action,Ludo,LUDO,more than 3 hour,less than 1 hour,Nothing ,niether disagree nor agree,Strongly disagree,Agree,Strongly disagree,Agree,Disagree,Strongly disagree,Agree,Agree,Disagree,Agree,Disagree,Disagree,Disagree,Agree,Agree,Disagree,Agree,Agree,Disagree,Agree,Agree,Agree,Agree,Disagree,Disagree,Agree,Agree,Neither agree nor disagree,Agree,no,yes
7/17/2023 0:40,19,female,12th,Lahore,nuclear,sports,No one,NO ONE,less than 1 hour,less than 1 hour,No change,niether disagree nor agree,Neither agree nor disagree,Strongly agree,Strongly disagree,Agree,Agree,Strongly disagree,Neither agree nor disagree,Agree,Agree,Agree,Disagree,Agree,Disagree,Agree,Strongly agree,Strongly agree,Strongly agree,Neither agree nor disagree,Neither agree nor disagree,Disagree,Neither agree nor disagree,Neither agree nor disagree,Neither agree nor disagree,Neither agree nor disagree,Neither agree nor disagree,Neither agree nor disagree,Neither agree nor disagree,Neither agree nor disagree,Neither agree nor disagree,no,no
7/17/2023 0:45,20,female,12th,Lahore,joint,fighting,PUBG,PUBG,more than 3 hour,less than 1 hour,Annoying ,agree,Agree,Agree,Agree,Strongly agree,Strongly agree,Strongly disagree,Neither agree nor disagree,Agree,Neither agree nor disagree,Agree,Agree,Disagree,Strongly disagree,Disagree,Agree,Agree,Strongly disagree,Disagree,Strongly agree,Agree,Strongly disagree,Disagree,Strongly disagree,Strongly agree,Agree,Agree,Strongly agree,Agree,Neither agree nor disagree,no,no
7/17/2023 0:46,18,female,12th,Lahore,nuclear,fighting,PUBG,PUBG,more than 5 hour,more than 3 hour,Maybe I fight with everyone ,agree,Agree,Neither agree nor disagree,Agree,Agree,Agree,Neither agree nor disagree,Agree,Neither agree nor disagree,Disagree,Agree,Neither agree nor disagree,Agree,Disagree,Agree,Neither agree nor disagree,Agree,Neither agree nor disagree,Agree,Agree,Neither agree nor disagree,Agree,Agree,Agree,Agree,Neither agree nor disagree,Agree,Agree,Agree,Agree,yes,yes
7/17/2023 0:51,16,male,10th,Lahore,extended,action,Pubg,PUBG,less than 1 hour,less than 1 hour,Aggressiveness ,agree,Agree,Agree,Disagree,Disagree,Disagree,Neither agree nor disagree,Neither agree nor disagree,Neither agree nor disagree,Neither agree nor disagree,Neither agree nor disagree,Neither agree nor disagree,Neither agree nor disagree,Neither agree nor disagree,Neither agree nor disagree,Neither agree nor disagree,Neither agree nor disagree,Disagree,Disagree,Disagree,Disagree,Disagree,Neither agree nor disagree,Neither agree nor disagree,Neither agree nor disagree,Neither agree nor disagree,Disagree,Disagree,Neither agree nor disagree,Neither agree nor disagree,no,no
7/17/2023 0:53,19,female,Bs interior designing ,Wazirabad ,joint,fighting,Hkjv,HKJV,less than 1 hour,less than 1 hour,Rybvj,agree,Strongly disagree,Agree,Neither agree nor disagree,Agree,Neither agree nor disagree,Disagree,Disagree,Strongly disagree,Disagree,Disagree,Disagree,Disagree,Strongly disagree,Strongly disagree,Agree,Disagree,Agree,Agree,Neither agree nor disagree,Strongly disagree,Disagree,Neither agree nor disagree,Disagree,Disagree,Strongly disagree,Disagree,Neither agree nor disagree,Neither agree nor disagree,Agree,yes,yes
7/17/2023 1:04,20,male,12th,Lahore,nuclear,first person shooter,Pubg,PUBG,more than 3 hour,more than 3 hour,Relaxed,agree,Neither agree nor disagree,Agree,Agree,Neither agree nor disagree,Agree,Agree,Agree,Agree,Neither agree nor disagree,Strongly agree,Agree,Agree,Strongly disagree,Neither agree nor disagree,Neither agree nor disagree,Agree,Neither agree nor disagree,Disagree,Strongly agree,Neither agree nor disagree,Neither agree nor disagree,Agree,Agree,Agree,Neither agree nor disagree,Disagree,Neither agree nor disagree,Strongly disagree,Neither agree nor disagree,no,no
7/17/2023 1:14,18,female,Bba,Lahore ,joint,action,Pubg,PUBG,less than 1 hour,less than 1 hour,Nothing ,strongly disagree,Strongly disagree,Disagree,Disagree,Strongly agree,Agree,Agree,Agree,Agree,Neither agree nor disagree,Neither agree nor disagree,Strongly agree,Neither agree nor disagree,Disagree,Strongly disagree,Strongly disagree,Strongly agree,Strongly agree,Disagree,Agree,Strongly agree,Strongly agree,Strongly agree,Agree,Disagree,Strongly agree,Neither agree nor disagree,Neither agree nor disagree,Neither agree nor disagree,Neither agree nor disagree,yes,yes
7/17/2023 1:36,18,male,BS Commerce ,Lahore,joint,sports,Fifa,FIFA,more than 1 hour,less than 1 hour,Nothing ,strongly disagree,Strongly disagree,Neither agree nor disagree,Neither agree nor disagree,Neither agree nor disagree,Neither agree nor disagree,Neither agree nor disagree,Neither agree nor disagree,Neither agree nor disagree,Neither agree nor disagree,Neither agree nor disagree,Neither agree nor disagree,Neither agree nor disagree,Neither agree nor disagree,Neither agree nor disagree,Neither agree nor disagree,Neither agree nor disagree,Neither agree nor disagree,Neither agree nor disagree,Neither agree nor disagree,Neither agree nor disagree,Neither agree nor disagree,Neither agree nor disagree,Neither agree nor disagree,Neither agree nor disagree,Neither agree nor disagree,Neither agree nor disagree,Neither agree nor disagree,Neither agree nor disagree,Neither agree nor disagree,no,no
7/17/2023 2:28,18,female,12th,Lahorw,nuclear,fighting,Counter Strike,COUNTER STRIKE,more than 1 hour,more than 1 hour,Not any,agree,Agree,Strongly agree,Agree,Strongly disagree,Agree,Strongly disagree,Neither agree nor disagree,Agree,Strongly disagree,Agree,Strongly disagree,Agree,Strongly disagree,Agree,Agree,Agree,Disagree,Neither agree nor disagree,Agree,Disagree,Neither agree nor disagree,Disagree,Agree,Agree,Disagree,Disagree,Disagree,Disagree,Agree,no,yes
7/17/2023 2:35,15,male,9th,Pakpattan,nuclear,action,Call of duty,CALL OF DUTY,more than 3 hour,less than 1 hour,Nothing,strongly disagree,Neither agree nor disagree,Strongly disagree,Agree,Strongly disagree,Neither agree nor disagree,Strongly disagree,Agree,Neither agree nor disagree,Strongly disagree,Disagree,Strongly disagree,Agree,Strongly disagree,Agree,Disagree,Agree,Agree,Agree,Agree,Strongly disagree,Disagree,Strongly disagree,Agree,Disagree,Strongly disagree,Neither agree nor disagree,Strongly disagree,Strongly disagree,Strongly disagree,no,no
7/17/2023 3:18,23,male,Graduate,Lahore,joint,sports,8 ball poll,8 BALL POLL,less than 1 hour,less than 1 hour,Nothing,niether disagree nor agree,Neither agree nor disagree,Neither agree nor disagree,Neither agree nor disagree,Neither agree nor disagree,Disagree,Disagree,Neither agree nor disagree,Neither agree nor disagree,Neither agree nor disagree,Neither agree nor disagree,Neither agree nor disagree,Neither agree nor disagree,Neither agree nor disagree,Neither agree nor disagree,Neither agree nor disagree,Neither agree nor disagree,Neither agree nor disagree,Neither agree nor disagree,Neither agree nor disagree,Neither agree nor disagree,Neither agree nor disagree,Neither agree nor disagree,Neither agree nor disagree,Neither agree nor disagree,Neither agree nor disagree,Neither agree nor disagree,Neither agree nor disagree,Neither agree nor disagree,Neither agree nor disagree,no,yes
